identifier	prefLabel	altLabel	description	historyNote
homoit0002003	Personnes queers survivantes d'intimidation		Personnes queers qui ont subi et survécu à de l'intimidation parce qu'elles sont queers.	
homoit0002002	Personnes trans survivantes d'intimidation	Personnes transgenres survivantes d'intimidation	Personnes trans qui ont subi et survécu à de l'intimidation parce qu'elles sont trans; respecter la préférence de la personne concernée entre les termes « victimes » ou « survivantes » dans la mesure du possible.	
homoit0002006	Personnes bispirituelles survivantes d'intimidation		Personnes bispirituelles qui ont subi et survécu à de l'intimidation parce qu'elles sont bispirituelles; respecter la préférence de la personne concernée entre les termes « victimes » ou « survivantes » dans la mesure du possible.	
homoit0000783	Lesbiennes survivantes de viol			Personnes lesbiennes qui ont été victimes de viol et qui ont survécu; respecter la préférence de la personne concernée entre les termes « victimes » ou « survivantes » dans la mesure du possible.
homoit0001789	LGBTQ2+	Bispirituel, Lesbienne, Gay, Bisexuel, Transgenre, Queer et plus||2S, Lesbienne, Gay, Bi, Trans, Queer et plus||Bispirituel, Lesbienne, Gay, Bisexuel, Transgenre, Queer, Asexuel, Demisexuel, Asexué-gris, Pansexuel, Intersexe et plus||2S, Lesbienne, Gay, Bi, Trans, Queer, Ace, Demisexuel, Asexué-gris, Pan, Intersexe et plus	Acronyme qui désigne les personnes lesbiennes, gaies, bisexuelles, trans, queers ou en questionnement, bispirituelles et d'autres orientations sexuelles et identités de genre. Couramment utilisé au Canada pour souligner les particularités des expériences des peuples autochtones.	
homoit0000021	Personnes agenres		Personnes qui ne ressentent pas d'identité de genre ou qui refusent totalement ou partiellement l'apposition d'une identité de genre.	
homoit0001823	Personnes alloromantiques	Alloromantiques	Personnes qui éprouvent une attirance ou un désir romantique de manière fréquente et constante, souvent en même temps qu'une attirance sexuelle.	
homoit0001791	Alloromantisme		Orientation romantique caractérisée par une attirance ou un désir romantique régulier et constant, généralement associés à une attirance sexuelle.	
homoit0001531	Allosexualité	Altersexualité	Orientation sexuelle caractérisée par une attirance sexuelle ou le désir de vivre des expériences sexuelles avec d'autres personnes.	
homoit0000045	Personnes androgynes		Personne dont l'expression sociale de genre (apparence) est non binaire, ou qui se situe dans l'éventail entre féminité et masculinité.	
homoit0000047	Androgynie		Combinaison de caractéristiques dites masculines et féminines dans l'expression de genre.	
homoit0001757	Familles aromantiques		Familles biologiques, adoptives ou choisies, dans lesquelles une ou plusieurs personnes s'identifient comme aromantiques.	
homoit0001761	Parents aromantiques		Parents qui sont aromantiques.	
homoit0000067	Personnes aromantiques		Personnes qui n'éprouvent généralement pas d'attirance ou de désir romantique.	
homoit0001644	Aromantisme		Orientation romantique caractérisée par l'absence d'attirance ou de désir romantique.	
homoit0000071	Personnes asexuelles		Personnes qui n'éprouvent généralement pas d'attirance ou de désir sexuel; ne pas utiliser pour décrire les personnes qui pratiquent le célibat ou l'abstinence pour des raisons religieuses ou culturelles.	
homoit0000004	Asexualité		Orientation sexuelle généralement caractérisée par une absence d'attirance ou de désir sexuel.	
homoit0000077	Assigné femme à la naissance		Personnes assignées femme à la naissance	Genre féminin assigné à une personne à la naissance.
homoit0000078	Genre assigné	Genre assigné à la naissance	Genre, généralement « masculin » ou « féminin », assigné à la naissance ou à l'adolescence en fonction du sexe perçu.	
homoit0000079	Assigné homme à la naissance	Personne assignée homme à la naissance	Genre masculin assigné à une personne à la naissance.	
homoit0001648	Sexe assigné	Sexe assigné à la naissance||Sexe attribué à la naissance	Sexe assigné à une personne selon des normes médicales, en se basant généralement sur l'apparence des organes génitaux externes.	
homoit0001646	Assigné X à la naissance		Genre ou sexe X assigné à une personne à la naissance. Les personnes intersexes se voient rarement attribuer la mention intersexe ou X à la naissance.	
homoit0003825	Autigenre		Identité d'une personne autiste dont l'autisme affecte la perception du genre ou de leur genre. Utilisé seulement pour décrire les personnes qui se décrivent comme autigenre.	
homoit0000075	Asphyxie autoérotique		Pratique consistant à restreindre volontairement son apport en oxygène afin d'en tirer une stimulation sexuelle.	
homoit0000093	Baillon boule		Boules en silicone, en caoutchouc ou autres types de boules qui sont attachées dans la bouche d'une personne pour l'empêcher de parler, généralement pendant les rapports sexuels.	
homoit0000108	Personnes Bi+		Personnes qui ne sont pas exclusivement attirées sexuellement et romantiquement par des personnes d'un seul sexe biologique (y compris les bisexuels, les queers, les pansexuels et les identités fluides).	
homoit0000110	Identité bigenre		Terme utilisé pour décrire l'identité des personnes qui ont deux genres.	
homoit0000111	Personnes bigenres		Personnes qui s'identifient à deux genres, soit simultanément, soit de manière plus fluide.	
homoit0000114	Compression de la poitrine		Aplatir ou de dissimuler la poitrine avec une chemise moulante, une sangle ou un matériau similaire; souvent pratiqué par les hommes trans et les personnes transmasculines.	
homoit0001928	PANDC	BIPOC||Personnes autochtones	Sigle signifiant personnes autochtones, noires et de couleur.	
homoit0001824	Personnes biromantiques		Personnes qui éprouvent des sentiments romantiques envers plus d'un genre.	
homoit0001792	Biromantisme		Orientation romantique caractérisée par une attirance sentimentale envers plus d'un genre.	
homoit0000118	Modification du certificat de naissance		Changements officiels apportés à l'acte de naissance d'une personne, généralement pour refléter une modification de son nom légal ou de la mention de son genre ou de son sexe.	
homoit0000119	Certificats de naissance	Certificats de naissance	Documents officiels qui reproduisent les principales mentions contenues dans l'acte de naissance d'une personne, soit le nom, le prénom et le sexe de l'enfant, le lieu, la date et l'heure de sa naissance, les prénoms et noms de ses parents, le numéro d'inscription au registre de l'état civil et la date de délivrance du certificat.	
homoit0000121	Parents biologiques		Parents biologiques d'un·e ou de plusieurs enfants; peut aussi être utilisé dans un contexte d'adoption.	
homoit0000153	Identité bisexuelle		Identité sexuelle des personnes qui sont attirées romantiquement et sexuellement par des personnes du même genre qu'elles et d'un genre différent.	
homoit0000170	Personnes bisexuelles		Personnes qui sont attirées romantiquement et sexuellement envers plus d'un genre et qui s'identifient comme bisexuelles.	
homoit0000204	Bisexualité		Identité sexuelle définie comme une attirance envers plus d'un genre; privilégier le terme préféré par la personne concernée, soit bisexualité, pansexualité ou polysexualité, chaque fois que possible.	
homoit0000206	Morsures		Pression exercée avec les dents, à des fins d'excitation sexuelle.	
homoit0001782	Personnes blaqueers	BlaQ	Personnes noires queers qui reconnaissent que leur identité queer est liée à leur expérience d'être une personne noire et vice versa; à utiliser uniquement pour décrire les personnes qui s'identifient comme Blaqueers ou BlaQ.	
homoit0000086	Bondage	Ligotage	Acte d'attacher ou d'immobiliser le corps, habituellement avec de la corde, des menottes, du ruban adhésif ou un autre, à des fins de plaisir érotique ou d'appréciation esthétique.	
homoit0000264	Prénoms choisis	Nom choisi	Prénoms choisis qui diffèrent des prénoms de naissance ou des prénoms légaux des personnes; souvent utilisés pour décrire les prénoms choisis par les personnes LGBTQ+ pour mieux correspondre à leur identité.	
homoit0001925	Identité cisgenre		Identité de genre qui correspond au sexe ou au genre assigné à la naissance.	
homoit0000271	Personnes cisgenres		Personnes dont l'identité de genre correspond au genre ou au sexe qui leur a été assigné à la naissance.	
homoit0000314	Criminalisation		Processus juridique et législatif par lequel une autorité compétente qualifie un comportement ou un acte d'infraction criminelle, le rendant ainsi illégal et passible de sanctions pénales. Ce terme s'utilise également en criminologie pour désigner le processus social qui qualifie certaines personnes ou actions de criminelles.	
homoit0000336	Morinommer		Désigner une personne avec le prénom qui lui a été assigné à la naissance plutôt qu'avec le prénom qu'elle a choisi.	
homoit0000339	Décriminalisation		Processus d'atténuation ou de suppression des sanctions pénales pour certains actes.	
homoit0001653	Demi-garçons		Personnes qui s'identifient partiellement comme des hommes ou des garçons, quel que soit le genre qui leur a été attribué. Utilisé par les personnes cisgenres, transgenres, transmasculines ou non-binaires qui se sentent plus proches des hommes physiquement ou socialement, mais pas suffisamment pour s'identifier uniquement comme tels.	
homoit0001653	Demi-filles		Personnes qui s'identifient partiellement comme des femmes ou des filles, quel que soit le genre qui leur a été attribué. Utilisé par les personnes cisgenres, transgenres, transféminines ou non binaires qui se sentent plus proches des femmes physiquement ou socialement, mais pas suffisamment pour s'identifier uniquement comme telles.	
homoit0001985	Personnes demiromantiques		Personnes qui éprouvent une attirance romantique qu'une fois qu'un lien émotionnel est établi.	
homoit0001986	Demiromantisme		Orientation romantique dans laquelle l'attirance romantique n'est ressentie qu'après avoir établi des liens affectifs.	
homoit0000344	Personnes demisexuelles		Personnes qui n'éprouvent pas d'attirance sexuelle à moins d'avoir d'abord établi un lien émotionnel fort avec une personne.	
homoit0000343	Demisexualité		Orientation sexuelle caractérisée par l'absence d'attirance sexuelle pour d'autres personnes, à moins ou jusqu'à ce que des liens émotionnels aient été établis.	
homoit0000395	Éonisme	Travestisme||Travestisme masculin||Travestime sans érotisation	Terme historique désignant l'adoption, par les personnes assignées au genre masculin à la naissance, de comportements féminins.	
homoit0000396	Personnes éonistes	Travestie||Hommes travestis	Terme historique désignant les personnes assignées au genre masculin à la naissance qui adoptent des comportements féminins.	
homoit0000496	Identité gaie	Identité gay||Identité homosexuelle	Identité sexuelle des hommes et des personnes masculines qui sont attirés sexuellement ou romantiquement par d'autres hommes et personnes masculines. Ne pas l'utiliser comme terme plus large pour désigner les personnes LGBTQ+.	
homoit0001899	Ambiguïté de genre	Ambiguïté du genre||Transgression de genre	Expression de genre qui ne correspond pas à une identité de genre unique et distincte.	
homoit0000120	Genre assigné à la naissance	Genre attribué à la naissance	Marqueur de genre légal figurant sur les certificats et registres liés à la naissance. Souvent, mais pas toujours, synonyme de « sexe assigné à la naissance ». Également utilisé en référence aux rôles et attentes associés à ce marqueur de genre.	
homoit0001756	Genre créatif	Créativité de genre||Au genre créatif||Au genre non conforme||Jeunes identités créatives||Créatif de genre||Créative de genre	Personnes, généralement des enfants, qui ne se conforment pas aux normes binaires de genre et qui, au contraire, entrecroisent de manière créative leurs expériences internes et externes pour comprendre leur identité et leur expression de genre. Peut également être utilisé pour décrire une façon d'élever les enfants en dehors des normes traditionnelles de genre.	
homoit0000577	Rôles de genre	Rôles genrés	Ensemble des comportements, des attitudes, des occupations et des intérêts légitimes ou attendus, que les normes culturelles prévalant dans une société déterminent comme étant appropriés à un genre. Certaines personnes LGBTQ+ s'identifient à des rôles de genre qui existent en dehors du système binaire du genre.	
homoit0001817	Minorités de genre	Diversité de genre	Personnes dont l'identité et les pratiques de genre diffèrent de celles de la culture dominante.	
homoit0000571	Identité de genre		Expérience intime et profonde d'une personne par rapport à son genre, qui peut ou non correspondre au genre ou au sexe qui lui a été assigné à la naissance.	
homoit0000568	Expression de genre		Manière dont une personne exprime son genre. Cela peut inclure ses comportements et son apparence, comme ses choix vestimentaires, sa coiffure, le port de maquillage, son langage corporel et sa voix. L'expression de genre est indépendante du sexe assigné à la naissance et n'est pas nécessairement liée à l'identité de genre telle que vécue personnellement et intimement.	
homoit0000566	Diversité de genre	Pluralité des genres||Pluralité de genre||Minorités de genre	Ensemble des identités de genre qui sont minoritaires et ne correspondent pas aux normes de genre dominantes.	
homoit0000569	Identité de genre fluide		Identité de genre selon laquelle le genre d'une personne change dans le temps et selon les circonstances; certaines personnes fluides dans le genre peuvent s'identifier comme un mélange de plus d'un genre simultanément.	
homoit0001816	Transgression de genre	Transgression du genre||Transgression des genres	Comportements, actes ou formes d'expression qui s'opposent ou ne sont pas conformes aux normes d'une culture en matière de genre.	
homoit0000570	Personnes fluides dans le genre		Personnes dont le genre change dans le temps et selon les circonstances. Leur genre peut varier dans le temps, correspondre à plusieurs genres à la fois, ou à aucun. Utilisé uniquement pour décrire les personnes qui s'identifient comme fluides dans le genre.	
homoit0000581	Genderfuck	Genre non conforme||Subversion des genres	Forme d'expression de genre qui vise à subvertir la binarité de genre ou les rôles de genre en mixant et en brouillant (ou en « jouant avec ») les caractéristiques traditionnellement masculines et féminines. Ce terme est généralement utilisé pour décrire les pratiques et la présentation de genre, bien que certaines personnes s'identifient comme « genderfuck » ou comme des « genderfuckers ». À n'utiliser que pour décrire les personnes et les pratiques de celles qui s'identifient elles-mêmes au « genderfuck ».	
homoit0001921	Identité genderqueer	Identité de genre queer	Identité de genre qui ne se conforme pas à la binarité des genres et qui met l'accent sur un alignement avec la politique queer.	
homoit0000582	Personnes genderqueers	Personnes de genre queer	Personnes qui s'identifient comme genderqueer, identité et expression de genre non conforme à la vision binaire normative du genre.	
homoit0000264	Prénoms choisis	Prénom de naissance||Prénom assigné à la naissance||Prénom natal	Prénoms attribués à la naissance, généralement par les parents.	
homoit0001987	Personnes grisromantiques	Personnes gris romantiques||Personnes gris-romantiques||Personnes grey-romantiques	Personnes qui éprouvent une attirance romantique rare, peu fréquente ou de faible intensité.	
homoit0001988	Grisromantisme	Gris romantisme||Gris-romantisme||Greyromantisme||Grey-romantisme||Gray-romantisme	Orientation romantique caractérisée par une attirance romantique rare, peu fréquente ou de faible intensité.	
homoit0001627	Personnes grissexuelles	Personnes gris sexuelles||A-gris||A-grises||Personnes graysexuelles||Personnes greysexuelles||Greysexuel||Greysexuelle||Graysexuel||Graysexuelle	Personnes qui éprouvent une attirance sexuelle peu fréquente, rare ou de faible intensité.	
homoit0001626	Grissexualité	Asexualité grise||Sexualité grise||Gris sexualité||Gris-sexualité||Gris-asexualité	Orientation sexuelle généralement caractérisée par une attirance sexuelle peu fréquente, rare ou de faible intensité.	
homoit0001826	Personnes hétéroromantiques	Personnes hétéro-romantiques	Personnes qui éprouvent une attirance romantique ou un désir romantique de manière fréquente et constante envers des personnes de sexe opposé ou de genre opposé.	
homoit0001794	Hétéroromantisme	Hétéro-romantisme	Orientation romantique caractérisée par une attirance ou un désir romantiques fréquents et constants à l'égard des personnes de sexe ou de genre opposé.	
homoit0000624	Identité hétérosexuelle			Identité sexuelle caractérisée par une attirance romantiquement ou sexuellement envers des personnes de sexe « opposé » à la naissance.
homoit0000631	Hétérosexualité		Attirance romantique et sexuelle pour des personnes de sexe opposé ou de genre opposé, généralement dans une culture qui comprend le sexe et le genre à travers l'opposition binaire masculin/féminin ou homme/femme.	
homoit0000627	Personnes hétérosexuelles	Hétéros||Hétérosexuelles||Hétérosexuels	Personnes qui sont attirées romantiquement et sexuellement par des personnes du sexe ou du genre opposé.	
homoit0001825	Personnes homoromantiques	Homoromantiques	Personnes qui éprouvent une attirance ou un désir romantique de manière fréquente et constante à l'égard de personnes du même sexe ou du même genre.	
homoit0001793	Homoromantisme		Orientation romantique caractérisée par une attirance ou un désir romantique fréquent et constant envers les personnes du même sexe ou du même genre.	
homoit0000647	Homosexualité		Orientation sexuelle avec attirance sexuelle ou romantique pour les personnes du même sexe.	
homoit0001810	Identité indigiqueer		Identité des personnes qui sont à la fois autochtones et queers et qui considèrent que ces identités sont intrinsèquement liées et interconnectées.	
homoit0001809	Personnes indigiqueers		Personnes autochtones queers qui reconnaissent que leur identité queer est liée à leur identité autochtone et vice versa; certaines personnes, mais pas toutes, s'identifient également comme bispirituelles; à n'utiliser que pour désigner les personnes qui s'identifient comme Indigiqueers.	
homoit0000352	Intersexe	Intersexuée||Intersexué||Intersexuel||Hermaphrodite	Personne qui est née avec des caractéristiques sexuelles biologiques (génitales, hormonales, gonadiques ou chromosomiques) qui ne sont pas toutes exclusivement « masculines » ou « féminine » selon les normes médicales en vigueur.	
homoit0000696	Labrys		Symbole parfois utilisé pour représenter le lesbianisme et le féminisme. Le labrys est une hache à double tranchant associée dans l'imaginaire aux Amazones d'où sa réappropriation par les mouvements féministes et lesbiens.	
homoit0000744	Identité lesbienne		Identité sexuelle des femmes qui sont attirées romantiquement ou sexuellement par d'autres femmes. Cependant, toutes les lesbiennes ne sont pas des femmes, et les personnes non conformes au genre qui appartiennent à des communautés lesbiennes se sont souvent identifiées comme lesbiennes.	
homoit0000799	Lesbianisme		Orientation sexuelle des femmes qui sont sexuellement et/ou romantiquement attirées par d'autres femmes. Cependant, toutes les lesbiennes ne sont pas des femmes, et les personnes non conformes au genre qui appartiennent à des communautés lesbiennes se sont souvent identifiées comme lesbiennes.	
homoit0000556	Lesbiennes		Personnes qui s'identifient comme lesbiennes et appartiennent à des communautés lesbiennes. Le terme a été principalement utilisé pour décrire les femmes qui sont exclusivement ou principalement attirées romantiquement eou sexuellement par d'autres femmes. Cependant, toutes les lesbiennes ne sont pas des femmes, et les personnes non conformes au genre qui appartiennent à des communautés lesbiennes se sont souvent identifiées comme lesbiennes.	
homoit0000915	Personnes LGBTQ+		Lesbiennes, gais, bisexuel·les, trans, queers et autres personnes de la diversité sexuelle et de genre qui s'identifient comme LGBTQ+.	
homoit0001016	Mégenrage		Fait d'attribuer à une personne un genre qui ne correspond pas à son identité de genre, volontairement ou non.	
homoit0001656	Quasi monogamie	Monogamish	Situation relationnelle de personnes principalement monogames, mais qui ont occasionnellement des relations sexuelles à l'extérieur du couple.	
homoit0001916	Personnes monogames		Personnes qui ont des relations sexuelles ou romantiques avec une seule personne à la fois.	
homoit0001019	Monogamie		Situation relationnelle dans laquelle les personnes s'engagent exclusivement avec un·e seul·e partenaire à la fois.	
homoit0001915	Personnes monosexuelles		Personnes qui sont attirées par un seul genre; cela inclut les personnes homosexuelles et hétérosexuelles.	
homoit0001556	Monosexualité		Sexualité qui implique une attirance pour un seul genre; comprend l'homosexualité et l'hétérosexualité.	
homoit0001672	Néopronoms	pronoms néologiques||pronoms personnels neutres||néo-pronoms	Pronoms personnels qui ne sont pas officiellement reconnus par la langue dans laquelle ils sont utilisés (c'est-à-dire dans les dictionnaires, les guides de style, etc.), généralement créés pour représenter un genre neutre.	
homoit0001920	Identité non-binaire		Identité de genre qui existe en dehors de la binarité; peut être utilisée comme une identité de genre spécifique ou comme un terme générique pour les identités de genre en dehors de la binarité.	
homoit0001048	Personnes non-binaires	enby||NB	Personnes dont l'identité de genre se situe en dehors de la binarité de genre; à utiliser uniquement pour décrire les personnes qui s'identifient comme non-binaires.	
homoit0001071	Identité pangenre		Identité de genre qui englobe plusieurs ou tous les genres.	
homoit0001072	Personnes pangenres			Personnes qui s'identifient à plusieurs genres ou à tous les genres.
homoit0001827	Personnes panromantiques		Personnes qui éprouvent une attirance romantique ou un désir romantique à l'égard d'autres personnes, indépendamment du sexe ou du genre.	
homoit0001795	Panromantisme		Orientation romantique caractérisée par une attirance ou un désir romantique, indépendamment du sexe ou du genre.	
homoit0001092	Passeport		Document officiel délivré par un gouvernement attestant l'identité et la citoyenneté du titulaire, et lui permettant de voyager vers et depuis d'autres pays.	
homoit0001096	Peep shows		Spectacles érotique ou films pornographique visionnés dans une cabine individuelle à travers une petite ouverture ou une lentille grossissante.	
homoit0001117	Pinkwashing	Blanchiment rose	Activités marketing ou politiques utilisées par un État, une organisation, un parti politique ou une entreprise dans le but de se donner une image progressiste, tolérante ou engagée pour les droits des personnes LGBTQ+. Cet intérêt pour les droits LGBTQ+ peut servir à détourner l'attention ou justifier la colonisation, l'invasion, le génocide ou d'autres interventions dans d'autres pays.	
homoit0001919	Personnes polysexuelles		Personnes attirées sexuellement par des personnes de plusieurs genres, incluant des personnes bisexuelles et pansexuelles.	
homoit0001558	Polysexualité		Identité sexuelle des personnes qui ressentent une attirance envers plus d'un genre; inclut la bisexualité et la pansexualité.	
homoit0001125	Poppers	Vasodilatateurs	Terme familier utilisé pour désigner le nitrite d'alkyle, substances qui procurent un effet euphorisant et aphrodisiaque lorsqu'elles sont inhalées. Les « poppers » sont souvent associés à la vie nocturne gaie, parce qu'ils peuvent être utilisés lors de rapports sexuels pour faciliter les relations sexuelles anales.	
homoit0001135	Pronoms		Mot ou groupe de mots qui représentent un autre mot ou groupe de mots énoncés avant ou après dans le texte, généralement utilisés dans le contexte des « pronoms personnels », c'est-à-dire des pronoms servant à désigner des personnes (par exemple : elle, il, iel, ille).	
homoit0001138	Inhibiteurs de puberté	Inhibiteurs d'hormones||Bloqueurs d'hormones||Inhibiteurs de puberté||Bloqueurs hormonaux	Groupe de médicaments utilisés pour bloquer la puberté.	
homoit0001268	Sexe assigné à la naissance	Sexe attribué à la naissance	Sexe assigné au moment de la naissance, et consigné dans les documents officiels comme le certificat de naissance, déterminé selon l'évaluation de caractéristiques sexuelles, notamment les organes génitaux externes, les chromosomes et les hormones. En pratique, le sexe attribué à la naissance varie souvent selon les cultures; le terme « genre assigné à la naissance » est souvent plus approprié ou plus précis.	
homoit0001298	Orientation sexuelle		Désigne l'attirance ou l'absence d'attirance physique et sexuelle que ressent une personne envers d'autres personnes dépendamment ou indépendamment de leur identité de genre.	
homoit0001344	Effeuillage	Striptease||Strip-tease	Danse érotique au cours de laquelle l'interprète se déshabille progressivement de manière séduisante et sexuellement suggestive.	
homoit0001368	Troisième genre		Catégorie sociale présente dans les sociétés qui reconnaissent trois genres ou plus.	
homoit0001369	Personnes de troisième genre		Personnes qui sont catégorisées, par elles-mêmes ou par consensus social, comme n'étant ni homme ni femme.	
homoit0001374	Tomboys	Garçons manqués	Filles qui présentent une expression de genre dite plus « masculine ». Ce terme peut avoir une connotation négative pour certaines personnes, alors que d'autres le revendiquent.	
homoit0001563	Trans		Terme parapluie servant à désigner les personnes dont l'identité de genre ne correspond pas au sexe qui leur a été assigné à la naissance; parfois utilisé comme un moyen d'historiciser les identités non-binaires.	
homoit0001382	Personnes transféminines	Femme trans	Personnes qui s'identifient partiellement ou totalement à une identité de genre féminine et qui ont généralement (mais pas toujours) été assignées de sexe masculin à la naissance.	
homoit0001821	Transféminité		Identités ou pratiques féminines des personnes transgenres.	
homoit0001465	Transition	Transition de genre	Processus d'affirmation de l'identité de genre d'une personne pour qu'il corresponde au ressenti intérieur de son genre; peut inclure une transition sociale, juridique et médicale.	
homoit0001466	Personnes transmasculines	Homme trans	Personnes qui s'identifient partiellement ou totalement à une identité de genre masculine et qui ont généralement (mais pas toujours) été assignées de sexe féminin à la naissance.	
homoit0001820	Transmasculinité		Identités ou pratiques masculines des personnes transgenres.	
homoit0001473	Identité trigenre		Identité de genre comprenant trois genres, typiquement masculin, féminin et un troisième genre (souvent non-binaire).	
homoit0001474	Trigenre		Personnes dont le genre évolue continuellement entre ou parmi trois identités de genre, typiquement homme, femme et un troisième genre.	
homoit0001670	Xénogenre	Maverique	Identité de genre non-binaire qui n'est pas définie par rapport à la compréhension humaine du genre (c'est-à-dire femelle ou mâle, femme ou homme), mais plutôt par rapport aux animaux, aux plantes ou autres.	
homoit0001671	Personnes xénogenres		Personnes qui identifient leur genre par rapport aux conceptions non humaines du genre et se rapportant aux animaux, aux plantes ou autres.	
homoit0001905	Zaps		Manifestations publiques organisées pour confronter ou à mettre dans l'embarras des politicien·nes ou fonctionnaires, tout en attirant l'attention sur le mouvement de libération gaie. Terme popularisé par le groupe de libération gaie Gays Activists Alliance.	
homoit0000022	Jeux de régression	Jeux basés sur l'âge||Jeux d'âge||Jeux de rôle d'âge	Acte de jouer un rôle représentant des personnes d'âges différents, habituellement des enfants, à des fins ludiques ou érotiques.	
homoit0001758	Familles asexuelles		Familles biologiques, adoptives ou choisies, dans lesquelles une ou plusieurs personnes s'identifient comme asexuelles.	
homoit0000084	Thérapie par aversion	Conditionnement aversif||Thérapie aversive||Cure de dégoût	Thérapie de modification du comportement visant à remplacer les associations agréables associées à l'homosexualité par des associations désagréables (au moyen de décharges électriques ou de médicaments provoquant des nausées) dans le but de modifier l'orientation sexuelle de la personne pour qu'elle « devienne » hétérosexuelle.	
homoit0000089	Bébés gais	Baby gay||Baby gays	Personnes qui viennent de sortir du placard, en particulier les hommes gais.	
homoit0000105	Ours (culture gaie)	Bears	Hommes gais caractérisés par une forte pilosité et une corpulence forte ou musclée. Terme d'argot utilisé dans la communauté gaie.	
homoit0000106	Thérapie comportementale		Approche thérapeutique dérivée de la psychologie cognitive conçue pour identifier et éventuellement modifier les comportements perçus comme autodestructeurs ou malsains. La thérapie comportementale peut viser à modifier l'identité ou l'expression sexuelle ou de genre d'une personne.	
homoit0000122	Activisme bisexuel	Militantisme bisexuel	Action directe et mobilisation visant à obtenir des changements politiques ou sociaux et à faire accepter les personnes bisexuelles.	
homoit0000128	Archives bisexuelles		Collections d'archives et de documents relatifs aux personnes bisexuelles ou aux communautés bisexuelles; peut inclure une variété d'organisations et d'institutions, des archives communautaires aux archives gouvernementales.	
homoit0000140	Enfants bisexuels		Personnes bisexuelles qui n'ont pas encore atteint l'adolescence.	
homoit0000143	Communauté bisexuelle		Groupes de personnes qui partagent l'expérience de la bisexualité.	
homoit0000150	Familles bisexuelles		Familles biologiques, adoptives ou choisies, dans lesquelles une ou plusieurs personnes s'identifient comme bisexuelles.	
homoit0000189	Personnes bisexuelles survivantes de viol		Personnes bisexuelles qui ont été victimes de viol et qui ont survécu; respecter la préférence de la personne concernée entre les termes « victimes » ou « survivantes » dans la mesure du possible.	
homoit0000197	Personnes bisexuelles victimes de viol		Personnes bisexuelles qui ont été victimes de viol et qui peuvent ou non avoir survécu; respecter la préférence de la personne concernée entre les termes « victimes » ou « survivantes » dans la mesure du possible.	
homoit0000255	Enfants		Personnes entre l'âge de la naissance et l'âge de la puberté.	
homoit0001765	Enfants de personnes aromantiques		Enfants dont un ou plusieurs parents sont aromantiques.	
homoit0001766	Enfants de personnes asexuelles		Enfants dont un ou plusieurs parents sont asexuel·les.	
homoit0000257	Enfants de personnes bisexuelles		Enfants dont un ou plusieurs parents sont bisexuel·les.	
homoit0000258	Enfants d'hommes gais	Enfants d'hommes gays||Enfants d'homosexuels	Enfants dont un ou plusieurs pères sont gais.	
homoit0001767	Enfants de personnes intersexes		Enfants dont un ou plusieurs parents sont intersexes.	
homoit0000259	Enfants de personnes lesbiennes		Enfants dont un ou plusieurs parents sont lesbiennes.	
homoit0000262	Enfants de personnes queers		Enfants dont un ou plusieurs parents sont queers.	
homoit0000261	Enfants de personnes trans		Enfants dont un ou plusieurs parents sont trans.	
homoit0001768	Enfants de personnes bispirituelles		Enfants dont un ou plusieurs parents sont bispirituel·les.	
homoit0000321	Oursons (culture gaie)	Cubs	Jeunes hommes gais caractérisés par une forte pilosité et une corpulence forte ou musclée. Terme d'argot utilisé dans la communauté gaie.	
homoit0000370	Communauté drag		Groupes de personnes (généralement des artistes drags) qui partagent un intérêt pour les spectacles et la culture drag.	
homoit0000462	Activisme gai	Militantisme gai	Action directe et mobilisation visant à obtenir des changements politiques ou sociaux et à faire accepter les personnes gaies.	
homoit0000469	Archives gaies	Archives gays||Archives homosexuelles	Collections d'archives et de documents relatifs aux hommes gais ou aux communautés gaies; peut inclure une variété d'organisations et d'institutions allant des archives communautaires aux archives gouvernementales.	
homoit0000485	Communauté gaie	Communauté homosexuelle||Communauté gay	Groupes de personnes qui partagent l'expérience d'être des hommes gais.	
homoit0000491	Familles gaies	Familles de personnes gaies||Familles gay||Familles homosexuelles	Familles biologiques, adoptives ou choisies, dans lesquelles une ou plusieurs personnes s'identifient comme gaies.	
homoit0000541	Hommes gais survivants de viol	Hommes gays ayant survécu au viol||Homosexuels ayant survécu au viol||Hommes gais ayant survécu au viol||Homosexuels survivants de viol||Hommes gays survivants de viol	Hommes gais qui ont été victimes de viol et qui ont survécu; respecter la préférence de la personne concernée entre les termes « victimes » ou « survivantes » dans la mesure du possible.	
homoit0000552	Hommes gais victimes de viol	Hommes gays victimes de viol||Homosexuels victimes de viol	Hommes gais qui ont été victimes de viol et qui peuvent ou non avoir survécu; respecter la préférence de la personne concernée entre les termes « victimes » ou « survivantes » dans la mesure du possible.	
homoit0000590	Filles		Enfants ou jeunes, généralement âgées de moins de 18 ans et qui s'identifient comme des filles.	
homoit0000668	Enfants intersexes		Personnes intersexes qui n'ont pas encore atteint l'adolescence.	
homoit0001759	Familles intersexes	Familles de personnes intersexes	Familles biologiques, adoptives ou choisies, dans lesquelles une ou plusieurs personnes s'identifient comme intersexes.	
homoit0000713	Activisme lesbien		Action directe et mobilisation visant à obtenir des changements politiques ou sociaux et à faire accepter les personnes lesbiennes.	
homoit0000719	Archives lesbiennes		Collections d'archives et de documents relatifs aux personnes lesbiennes ou aux communautés lesbiennes; peut inclure une variété d'organisations et d'institutions, des archives communautaires aux archives gouvernementales.	
homoit0000733	Communauté lesbienne		Groupes de personnes qui partagent l'expérience d'être lesbiennes.	
homoit0000740	Familles lesbiennes		Familles biologiques, adoptives ou choisies, dans lesquelles une ou plusieurs personnes s'identifient comme lesbiennes.	
homoit0000793	Lesbiennes victimes de viol		Personnes lesbiennes qui ont été victimes de viol et qui peuvent ou non avoir survécu; respecter la préférence de la personne concernée entre les termes « victimes » ou « survivantes » dans la mesure du possible.	
homoit0000006	Activisme LGBTQ+	Militantisme LGBTQ+	Action directe et mobilisation visant à obtenir des changements politiques ou sociaux et à faire accepter les personnes LGBTQ+.	
homoit0000066	Archives LGBTQ+		Collections d'archives et de documents relatifs aux personnes LGBTQ+ ou aux communautés LGBTQ+; peut inclure une variété d'organisations et d'institutions, des archives communautaires aux archives gouvernementales.	
homoit0000256	Enfants LGBTQ+		Personnes LGBTQ+ qui n'ont pas encore atteint l'adolescence.	
homoit0000420	Familles LGBTQ+	Familles de personnes LGBTQ+	Familles biologiques, adoptives ou choisies, dans lesquelles une ou plusieurs personnes s'identifient comme LGBTQ+.	
homoit0001350	Personnes LGBTQ+ survivantes de viol		Personnes LGBTQ+ qui ont été victimes de viol et qui ont survécu; respecter la préférence de la personne concernée entre les termes « victimes » ou « survivantes » dans la mesure du possible.	
homoit0000958	Personnes LGBTQ+ victimes de viol		Personnes LGBTQ+ qui ont été victimes de viol et qui peuvent ou non avoir survécu; respecter la préférence de la personne concernée entre les termes « victimes » ou « survivantes » dans la mesure du possible.	
homoit0001150	Activisme queer	Militantisme queer	Action directe et mobilisation visant à obtenir des changements politiques ou sociaux et à faire accepter les personnes queers.	
homoit0001156	Archives queers		Collections d'archives et de documents relatifs aux personnes queers ou aux communautés queers; peut inclure une variété d'organisations et d'institutions, des archives communautaires aux archives gouvernementales.	
homoit0001167	Enfants queers		Personnes queers qui n'ont pas encore atteint l'adolescence.	
homoit0001170	Communauté queer		Groupes de personnes qui partagent l'expérience d'être queer.	
homoit0001176	Familles queers		Familles de personnes queers	Familles biologiques, adoptives ou choisies, dans lesquelles une ou plusieurs personnes s'identifient comme queer.
homoit0001212	Personnes queers survivantes de viol		Personnes queers qui ont été victimes de viol et qui ont survécu; respecter la préférence de la personne concernée entre les termes « victimes » ou « survivantes » dans la mesure du possible.	
homoit0001222	Personnes queers victimes de viol		Personnes queers qui ont été victimes de viol et qui peuvent ou non avoir survécu; respecter la préférence de la personne concernée entre les termes « victimes » ou « survivantes » dans la mesure du possible.	
homoit0001383	Activisme trans	Militantisme transgenre||Militantisme trans||Activisme transgenre	Action directe et mobilisation visant à obtenir des changements politiques ou sociaux et à faire accepter les personnes trans.	
homoit0001389	Archives trans		Collections d'archives et de documents relatifs aux personnes trans ou aux communautés trans; peut inclure une variété d'organisations et d'institutions, des archives communautaires aux archives gouvernementales.	
homoit0001400	Enfants trans	Enfants transgenres	Personnes trans qui n'ont pas encore atteint l'adolescence.	
homoit0001403	Communauté trans		Groupes de personnes qui partagent l'expérience d'être trans.	
homoit0001412	Familles trans		Familles biologiques, adoptives ou choisies, dans lesquelles une ou plusieurs personnes s'identifient comme trans.	
homoit0001449	Personnes trans survivantes de viol		Personnes trans qui ont été victimes de viol et qui ont survécu; respecter la préférence de la personne concernée entre les termes « victimes » ou « survivantes » dans la mesure du possible.	
homoit0001457	Personnes trans victimes de viol		Personnes trans qui ont été victimes de viol et qui peuvent ou non avoir survécu; respecter la préférence de la personne concernée entre les termes « victimes » ou « survivantes » dans la mesure du possible.	
homoit0001811	Communauté bispirituelle		Groupe de personnes qui partagent l'expérience d'être bispirituelles.	
homoit0001760	Familles bispirituelles	Familles de personnes bispirituelles	Familles biologiques, adoptives ou choisies, dans lesquelles une ou plusieurs personnes s'identifient comme bispirituelles.	
homoit0002004	Personnes asexuelles survivantes d'intimidation	Personnes asexuelles survivantes d'intimidation	Personnes asexuelles qui ont subi et survécu à de l'intimidation parce qu'elles sont asexuelles; respecter la préférence de la personne concernée entre les termes « victimes » ou « survivantes » dans la mesure du possible.	
homoit0000152	Filles bisexuelles		Filles (enfants de moins de 18 ans) qui sont bisexuelles.	
homoit0002001	Personnes bisexuelles survivantes d'intimidation		Personnes bisexuelles qui ont subi et survécu à de l'intimidation parce qu'elles sont bisexuelles; respecter la préférence de la personne concernée entre les termes « victimes » ou « survivantes » dans la mesure du possible.	
homoit0000198	Personnes bisexuelles victimes d'abus sexuels	Personnes bisexuelles victimes de violences sexuelles||Personnes bisexuelles victimes d'agressions sexuelles	Personnes bisexuelles ayant vécu de l'abus sexuel et qui peuvent ou non y avoir survécu; respecter la préférence de la personne concernée entre les termes « victimes » ou « survivantes » dans la mesure du possible.	
homoit0002005	Personnes intersexes survivantes d'intimidation		Personnes intersexes qui ont subi et survécu à de l'intimidation parce qu'elles sont intersexes; respecter la préférence de la personne concernée entre les termes « victimes » ou « survivantes » dans la mesure du possible.	
homoit0001999	Lesbiennes survivantes d'intimidation		Lesbiennes qui ont subi et survécu à de l'intimidation parce qu'elles sont lesbiennes; respecter la préférence de la personne concernée entre les termes « victimes » ou « survivantes » dans la mesure du possible.	
homoit0001998	Personnes LGBTQ+ survivantes d'intimidation		Personnes LGBTQ+ qui ont subi et survécu à de l'intimidation en raison de leurs identités sexuelles ou de genres; respecter la préférence de la personne concernée entre les termes « victimes » ou « survivantes » dans la mesure du possible.	
homoit0001052	Nu artistique	Art du nu||Nu||Art nu	Genre artistique qui consiste en la représentation de personnes nues, à des fins esthétiques ou érotiques comprend les peintures, les photographies, les sculptures, etc.	
homoit0001051	Photographies de nu	Photographies de personnes nues	Photographies de personnes nues prises par des photographes professionnel·le·s ou amateur·trice·s réalisées à des fins esthétiques ou érotiques.	
homoit0000010	Parents adoptifs	Adoptants et adoptantes||Famille d'adoption||Famille adoptante||Parents d'adoption||Parents par adoption	Un ou des membres adultes d'une famille adoptante responsables de l'adopté·e.	
homoit0000020	Âge de consentement	Âge du consentement||Majorité sexuelle	Âge auquel une personne peut légalement donner son consentement à des activités sexuelles.	
				
homoit0000040	Amazones		Peuple légendaire de femmes guerrières et indépendantes qui vivaient sans hommes dans la mythologie grecque et l'antiquité classique; depuis le début de la période moderne, leur nom est devenu un terme désignant les femmes douées de qualités guerrières ainsi qu'un symbole culturel invoqué dans les communautés lesbiennes.	
homoit0001995	Personnes asexuelles victimes d'intimidation		Personnes asexuelles qui ont subi et survécu à de l'intimidation parce qu'elles sont asexuelles; respecter la préférence de la personne concernée entre les termes « victimes » ou « survivantes » dans la mesure du possible.	
homoit0000117	Biphobie		Antagonisme ou dégoût à l'égard de la bisexualité en tant qu'identité ou des personnes bisexuelles en raison de leur sexualité. La biphobie peut inclure le déni de l'existence de la bisexualité, les stéréotypes, le harcèlement et la violence physique.	
homoit0000185	Argot bisexuel		Langage familier ou informel lié à la bisexualité ou utilisé par les personnes bisexuelles.	
homoit0000186	Fils bisexuels		Fils qui s'identifient comme bisexuels.	
homoit0000188	Personnes bisexuelles survivantes de crimes haineux		Personnes bisexuelles qui ont été victimes de crimes haineux et qui peuvent ou non avoir survécu; respecter la préférence de la personne concernée entre les termes « victimes » ou « survivantes » dans la mesure du possible.	
homoit0000190	Personnes bisexuelles survivantes d'abus sexuels	Personnes bisexuelles survivantes de violences sexuelles||Personnes bisexuelles survivantes d'agressions sexuelles	Personnes bisexuelles ayant vécu de l'abus sexuel et qui ont survécu; respecter la préférence de la personne concernée entre les termes « victimes » ou « survivantes » dans la mesure du possible.	
homoit0000191	Personnes bisexuelles survivantes de guerre		Personnes bisexuelles ayant vécu et survécu à la guerre; respecter la préférence de la personne concernée entre les termes « victimes » ou « survivantes » dans la mesure du possible.	
homoit0001992	Personnes bisexuelles victimes d'intimidation			Personnes bisexuelles qui ont subi et survécu à de l'intimidation parce qu'elles sont bisexuelles; respecter la préférence de la personne concernée entre les termes « victimes » ou « survivantes » dans la mesure du possible.
homoit0000196	Personnes bisexuelles victimes de crimes haineux		Personnes bisexuelles qui ont été victimes de crimes haineux et qui peuvent ou non avoir survécu; respecter la préférence de la personne concernée entre les termes « victimes » ou « survivantes » dans la mesure du possible.	
homoit0000199	Personnes bisexuelles victimes de guerre		Personnes bisexuelles ayant vécu la guerre et qui peuvent ou non avoir survécu; respecter la préférence de la personne concernée entre les termes « victimes » ou « survivantes » dans la mesure du possible.	
homoit0000342	Personnes demigenre		Personnes qui s'identifient partiellement, mais pas totalement, à un genre donné.	
homoit0000346	Digues dentaires		Feuille carrée de latex ou de polyuréthane utilisée pour créer une barrière entre la bouche et la vulve, le vagin ou l'anus pendant les rapports sexuels oraux.	
homoit0000347	Désir d'avoir des enfants		Volonté ou désir d'une personne d'avoir des enfants.	
homoit0000423	Pères		Personnes qui sont pères.	
homoit0000424	Pères de personnes bisexuelles		Personnes qui jouent le rôle de père auprès d'une personne bisexuelle; à utiliser seulement pour les personnes qui s'identifient comme pères.	
homoit0000425	Pères d'hommes gais		Personnes qui jouent le rôle de père auprès d'un homme gai; à utiliser uniquement pour décrire les personnes qui s'identifient comme des pères.	
homoit0000426	Pères de personnes lesbiennes		Personnes qui jouent le rôle de père auprès de personnes lesbiennes; à utiliser uniquement pour décrire les personnes qui s'identifient comme des pères.	
homoit0000427	Pères de personnes queers		Personnes qui jouent le rôle de père auprès d'une personne queer; à utiliser uniquement pour décrire les personnes qui s'identifient comme des pères.	
homoit0000428	Pères de personnes trans		Personnes qui jouent le rôle de père auprès d'une personne trans; à utiliser uniquement pour décrire les personnes qui s'identifient comme des pères.	
homoit0000536	Fils gais	Fils gays||Fils homosexuels	Fils qui s'identifient comme gais.	
homoit0002000	Hommes gais survivants d'intimidation	Hommes gays survivants d'intimidation||Hommes gays ayant survécu à l'intimidation||Homosexuels ayant survécu à l'intimidation||Homosexuels survivants d'intimidation||Hommes gais survivants d'intimidation	Hommes gais qui ont subi et survécu à de l'intimidation parce qu'ils sont gais; respecter la préférence de la personne concernée entre les termes « victimes » ou « survivantes » dans la mesure du possible.	
homoit0000540	Hommes gais survivants de crimes haineux	Hommes gays survivants de crimes haineux||Homosexuels survivants de crimes haineux	Hommes gais qui ont été victimes de crimes haineux et qui peuvent ou non avoir survécu; respecter la préférence de la personne concernée entre les termes « victimes » ou « survivants » dans la mesure du possible.	
homoit0000542	Hommes gais survivants d'abus sexuels	Hommes gays survivants d'abus sexuels||Homosexuels survivants d'abus sexuels||Hommes gays survivants de violences sexuelles||Hommes gays survivants d'agressions sexuelles||Homosexuels survivants de violences sexuelles||Homosexuels survivants d'agressions sexuelles	Hommes gais ayant vécu de l'abus sexuel et qui ont survécu; respecter la préférence de la personne concernée entre les termes « victimes » ou « survivantes » dans la mesure du possible.	
homoit0000543	Hommes gais survivants de guerre	Hommes gays survivants de guerre||Homosexuels survivants de guerre	Hommes gais ayant vécu et survécu à la guerre; respecter la préférence de la personne concernée entre les termes « victimes » ou « survivantes » dans la mesure du possible.	
homoit0001991	Hommes gais victimes d'intimidation	Hommes gays victimes d'intimidation||Homosexuels victimes d'intimidation	Hommes gais qui ont subi et survécu à de l'intimidation parce qu'ils sont gais; respecter la préférence de la personne concernée entre les termes « victimes » ou « survivantes » dans la mesure du possible.	
homoit0000551	Hommes gais victimes de crimes haineux	Hommes gays victimes de crimes haineux||Homosexuels victimes de crimes haineux	Hommes gais qui ont été victimes de crimes haineux et qui peuvent ou non avoir survécu; respecter la préférence de la personne concernée entre les termes « victimes » ou « survivantes » dans la mesure du possible.	
homoit0000550	Hommes gais victimes d'abus sexuels	Hommes gays victimes d'abus sexuels||Homosexuels victimes d'abus sexuels||Hommes gais victimes de violences sexuelles||Hommes gais victimes d'agressions sexuelles||Hommes gays victimes de violences sexuelles||Hommes gays victimes d'agressions sexuelles||Homosexuels victimes de violences sexuelles||Homosexuels victimes d'agressions sexuelles	Hommes gais ayant vécu de l'abus sexuel et qui peuvent ou non y avoir survécu; respecter la préférence de la personne concernée entre les termes « victimes » ou « survivantes » dans la mesure du possible.	
homoit0000553	Hommes gais victimes de guerre	Hommes gays victimes de guerre||Homosexuels victimes de guerre	Hommes gais ayant vécu la guerre et qui peuvent ou non avoir survécu; respecter la préférence de la personne concernée entre les termes « victimes » ou « survivantes » dans la mesure du possible.	
homoit0000623	Filles hétérosexuelles		Filles (enfants ou des jeunes de moins de 18 ans) qui sont hétérosexuelles.	
homoit0001996	Personnes intersexes victimes d'intimidation		Personnes intersexes qui ont subi et survécu à de l'intimidation parce qu'elles sont intersexes; respecter la préférence de la personne concernée entre les termes « victimes » ou « survivantes » dans la mesure du possible.	
homoit0000736	Filles lesbiennes		Filles (lien de parenté) qui s'identifient comme lesbiennes.	
homoit0000743	Filles lesbiennes		Filles (enfants de moins de 18 ans) qui sont lesbiennes.	
homoit0000782	Lesbiennes survivantes de crimes haineux		Lesbiennes qui ont été victimes de crimes haineux et qui ont survécu; respecter la préférence de la personne concernée entre les termes « victimes » ou « survivantes » dans la mesure du possible.	
homoit0000784	Lesbiennes survivantes d'abus sexuels	Lesbiennes survivantes de violences sexuelles||Lesbiennes survivantes d'agressions sexuelles	Lesbiennes ayant vécu de l'abus sexuel et qui ont survécu; respecter la préférence de la personne concernée entre les termes « victimes » ou « survivantes » dans la mesure du possible.	
homoit0000785	Lesbiennes survivantes de guerre		Lesbiennes ayant vécu et survécu à la guerre; respecter la préférence de la personne concernée entre les termes « victimes » ou « survivantes » dans la mesure du possible.	
homoit0001990	Lesbiennes victimes d'intimidation		Lesbiennes qui ont subi et survécu à de l'intimidation parce qu'elles sont lesbiennes; respecter la préférence de la personne concernée entre les termes « victimes » ou « survivantes » dans la mesure du possible.	
homoit0000792	Lesbiennes victimes de crimes haineux		Lesbiennes qui ont été victimes de crimes haineux et qui peuvent ou non avoir survécu; respecter la préférence de la personne concernée entre les termes « victimes » ou « survivantes » dans la mesure du possible.	
homoit0000794	Lesbiennes victimes d'abus sexuels	Lesbiennes victimes de violences sexuelles||Lesbiennes victimes d'agressions sexuelles	Lesbiennes ayant vécu de l'abus sexuel et qui peuvent ou non y avoir survécu; respecter la préférence de la personne concernée entre les termes « victimes » ou « survivantes » dans la mesure du possible.	
homoit0000795	Lesbiennes victimes de guerre		Lesbiennes ayant vécu la guerre et qui peuvent ou non avoir survécu; respecter la préférence de la personne concernée entre les termes « victimes » ou « survivantes » dans la mesure du possible.	
homoit0000330	Filles LGBTQ+		Filles (lien de parenté) qui s'identifient comme LGBTQ+.	
homoit0001329	Fils LGBTQ+		Fils qui s'identifient comme LGBTQ+.	
homoit0001349	Personnes LGBTQ+ survivantes de crimes haineux		Personnes LGBTQ+ qui ont été victimes de crimes haineux et qui ont survécu; respecter la préférence de la personne concernée entre les termes « victimes » ou « survivantes » dans la mesure du possible.	
homoit0001351	Personnes LGBTQ+ survivantes d'abus sexuels	Personnes LGBTQ+ survivantes de violences sexuelles||Personnes LGBTQ+ survivantes d'agressions sexuelles	Personnes LGBTQ+ ayant vécu de l'abus sexuel et qui ont survécu; respecter la préférence de la personne concernée entre les termes « victimes » ou « survivantes » dans la mesure du possible.	
homoit0001352	Personnes LGBTQ+ survivantes de guerre		Personnes LGBTQ+ ayant vécu et survécu à la guerre; respecter la préférence de la personne concernée entre les termes « victimes » ou « survivantes » dans la mesure du possible.	
homoit0001989	Personnes LGBTQ+ victimes d'intimidation		Personnes LGBT+ qui ont subi et survécu à de l'intimidation en raison de leur identité sexuelle ou de genre; respecter la préférence de la personne concernée entre les termes « victimes » ou « survivantes » dans la mesure du possible.	
homoit0000312	Personnes LGBTQ+ victimes de crimes		Personnes LGBTQ+ qui ont été victimes de crimes et qui peuvent ou non avoir survécu; respecter la préférence de la personne concernée entre les termes « victimes » ou « survivantes » dans la mesure du possible.	
homoit0000613	Personnes LGBTQ+ victimes de crimes haineux		Personnes LGBTQ+ qui ont été victimes de crimes haineux et qui peuvent ou non avoir survécu; respecter la préférence de la personne concernée entre les termes « victimes » ou « survivantes » dans la mesure du possible.	
homoit0000959	Personnes LGBTQ+ victimes d'abus sexuels	Personnes LGBTQ+ victimes de violences sexuelles||Personnes LGBTQ+ victimes d'agressions sexuelles	Personnes LGBTQ+ ayant vécu de l'abus sexuel et qui peuvent ou non y avoir survécu; respecter la préférence de la personne concernée entre les termes « victimes » ou « survivantes » dans la mesure du possible.	
homoit0000961	Personnes LGBTQ+ victimes de guerre		Personnes LGBTQ+ ayant vécu la guerre et qui peuvent ou non avoir survécu; respecter la préférence de la personne concernée entre les termes « victimes » ou « survivantes » dans la mesure du possible.	
homoit0002041	Regard masculin	Vision masculine||Male gaze	Concept postulant que les représentations des femmes dans les médias et les arts sont objectifiées et sexualisées du point de vue et pour le plaisir de l'homme hétérosexuel. À l'origine, ce terme était uniquement utilisé pour décrire le regard hétérosexuel et cisgenre, mais il a été élargi depuis.	
homoit0000989	État civil	État matrimonial	L'état d'une personne célibataire, mariée, séparée, divorcée ou veuve, tel que défini par un gouvernement ou une autorité légale.	
homoit0000991	Certificats de mariage		Documents délivrés par le gouvernement qui servent d'enregistrement officiel des mariages; peut être utilisé en référence aux certificats de mariage des personnes LGBTQ+ ou à leurs efforts pour obtenir des certificats de mariage.	
homoit0000995	Masculinités		Ensemble d'attributs, de comportements et de rôles propres à une culture et généralement associés aux hommes ou aux garçons au sein d'une société.	
homoit0000998	Massage		Manipulation du corps par des techniques telles que le frottement et le pétrissage des muscles et des articulations avec les mains, généralement pour soulager la tension et la douleur ou pour fournir une stimulation érotique.	
homoit0001000	Masturbation		Stimulation sexuelle de ses propres organes génitaux pour son propre plaisir.	
homoit0001017	Misogynie		La haine ou l'aversion pour les femmes ou les filles.	
homoit0001021	Mères		Personnes qui sont mères.	
homoit0001022	Mères de personnes bisexuelles		Personnes qui jouent le rôle de mère auprès d'une personne bisexuelle; à utiliser uniquement pour les personnes qui s'identifient elles-mêmes comme mères.	
homoit0001023	Mères d'hommes gais		Personnes qui jouent le rôle de mère auprès d'un homme gai; à utiliser uniquement pour les personnes qui s'identifient elles-mêmes comme mères.	
homoit0001024	Mères de personnes lesbiennes		Personnes qui jouent le rôle de mère auprès d'une personne lesbienne; à utiliser uniquement pour les personnes qui s'identifient elles-mêmes comme mères.	
homoit0001025	Mères de personnes trans		Personnes qui jouent le rôle de mère auprès d'une personne trans; à utiliser uniquement pour les personnes qui s'identifient elles-mêmes comme mères.	
homoit0001028	Sexe dans la boue		Activités sexuelles qui se déroulent dans la boue.	
homoit0001038	Nudisme		Pratique consistant à s'engager dans des activités sociales en étant nu·e, que ce soit en privé ou en public. Ce terme fait également référence au mouvement culturel prônant le nudisme comme mode de vie alternatif et sain.	
homoit0000593	Sexe oral		Activités sexuelles pratiquées avec la bouche.	
homoit0000022	Orgasmes		Apogées de l'excitation sexuelle, généralement caractérisées par des sensations de plaisir et des sensations physiques, notamment des contractions musculaires rapides, une augmentation de la pression artérielle et du rythme cardiaque, la libération d'endorphines et l'éjaculation.	
homoit0000173	Parents de personnes bisexuelles		Personnes qui assument le rôle de parent auprès d'une personne bisexuelle.	
homoit0000509	Parents d'hommes gais		Personnes qui assument le rôle de parent auprès d'un homme gai.	
homoit0000802	Parents de personnes lesbiennes		Personnes qui assument le rôle de parent auprès d'une personne lesbienne.	
homoit0001077	Parents de personnes queers		Personnes qui assument le rôle de parent auprès d'une personne queer.	
homoit0001078	Parents de personnes trans		Personnes qui assument le rôle de parent auprès d'une personne trans.	
homoit0001084	Partenaires de personnes bisexuelles		Personnes dont le ou la partenaire sexuel·le, romantique ou de jeu est bisexuel·le.	
homoit0001086	Partenaires d'hommes gais	Partenaires d'hommes gays	Personnes dont le ou partenaire sexuel, romantique ou de jeu est un homme gai.	
homoit0001087	Partenaires de personnes lesbiennes		Personnes dont le ou la partenaire sexuel·le, romantique ou de jeu est une personne lesbienne.	
homoit0001088	Partenaires de personnes queers		Personnes dont le ou la partenaire sexuel·le, romantique ou de jeu est une personne queer.	
homoit0001089	Partenaires de personnes trans		Personnes dont le ou la partenaire sexuel·le, romantique ou de jeu est une personne trans.	
homoit0001173	Filles queers		Filles (lien de parenté) qui s'identifient comme queers.	
homoit0001209	Fils queers		Fils qui s'identifient comme queers.	
homoit0001211	Personnes queers survivantes de crimes haineux		Personnes queers qui ont été victimes de crimes haineux et qui ont survécu; respecter la préférence de la personne concernée entre les termes « victimes » ou « survivantes » dans la mesure du possible.	
homoit0001213	Personnes queers survivantes d'abus sexuels	Personnes queers survivantes de violences sexuelles||Personnes queers survivantes d'agressions sexuelles	Personnes queers ayant vécu de l'abus sexuel et qui ont survécu; respecter la préférence de la personne concernée entre les termes « victimes » ou « survivantes » dans la mesure du possible.	
homoit0001214	Personnes queers survivantes de guerre		Personnes queers ayant vécu et survécu à la guerre; respecter la préférence de la personne concernée entre les termes « victimes » ou « survivantes » dans la mesure du possible.	
homoit0001994	Personnes queers victimes d'intimidation		Personnes queers qui ont subi et survécu à de l'intimidation en raison de leur identité queer; respecter la préférence de la personne concernée entre les termes « victimes » ou « survivantes » dans la mesure du possible.	
homoit0001221	Personnes queers victimes de crimes haineux		Personnes queers qui ont été victimes de crimes haineux et qui peuvent ou non avoir survécu; respecter la préférence de la personne concernée entre les termes « victimes » ou « survivantes » dans la mesure du possible.	
homoit0001223	Personnes queers victimes d'abus sexuels	Personnes queers victimes de violences sexuelles||Personnes queers victimes d'agressions sexuelles	Personnes queers ayant vécu de l'abus sexuel et qui peuvent ou non y avoir survécu; respecter la préférence de la personne concernée entre les termes « victimes » ou « survivantes » dans la mesure du possible.	
homoit0001224	Personnes queers victimes de guerre		Personnes queers ayant vécu la guerre et qui peuvent ou non avoir survécu; respecter la préférence de la personne concernée entre les termes « victimes » ou « survivantes » dans la mesure du possible.	
homoit0001227	Femmes queers		Femmes qui s'identifient comme queers.	
homoit0001330	Fils de personnes bisexuelles		Fils qui ont un ou plusieurs parents bisexuels.	
homoit0001331	Fils d'hommes gais	Fils d'homosexuels||Fils d'hommes gays	Fils qui ont un ou plusieurs parents qui sont des hommes gais.	
homoit0001332	Fils de personnes lesbiennes		Fils qui ont un ou plusieurs parents lesbiennes.	
homoit0001334	Fils de personnes queers		Fils qui ont un ou plusieurs parents queers.	
homoit0001333	Fils de personnes trans		Fils qui ont un ou plusieurs parents trans.	
homoit0001643	Hommes trans		Hommes dont le genre assigné à la naissance n'était pas masculin. Ne pas utiliser pour les personnes intersexes, à moins que la personne intersexe ne s'identifie comme un homme trans.	
homoit0001642	Femmes trans		Femmes dont le genre assigné à la naissance n'était pas féminin. Ne pas utiliser pour les personnes intersexes, à moins que la personne intersexe ne s'identifie comme une femme trans.	
homoit0001407	Filles trans		Filles (lien de parenté) qui s'identifient comme trans.	
homoit0001413	Pères trans		Personnes trans qui sont pères.	
homoit0001422	Mères trans		Personnes trans qui sont mères.	
homoit0001446	Fils trans		Fils qui s'identifient comme trans.	
homoit0001448	Personnes trans survivantes de crimes haineux		Personnes transgenres qui ont été victimes de crimes haineux et qui peuvent ou non avoir survécu; respecter la préférence de la personne concernée entre les termes « victimes » ou « survivantes » dans la mesure du possible.	
homoit0001450	Personnes trans survivantes d'abus sexuels	Personnes trans survivantes de violences sexuelles||Personnes trans survivantes d'agressions sexuelles	Personnes trans ayant vécu de l'abus sexuel et qui ont survécu; respecter la préférence de la personne concernée entre les termes « victimes » ou « survivantes » dans la mesure du possible.	
homoit0001451	Personnes trans survivantes de guerre		Personnes trans ayant vécu et survécu à la guerre; respecter la préférence de la personne concernée entre les termes « victimes » ou « survivantes » dans la mesure du possible.	
homoit0001993	Personnes trans victimes d'intimidation		Personnes trans qui ont subi et survécu à de l'intimidation en raison de leur identité de genre; respecter la préférence de la personne concernée entre les termes « victimes » ou « survivantes » dans la mesure du possible.	
homoit0001456	Personnes trans victimes de crimes haineux		Personnes trans qui ont été victimes de crimes haineux et qui peuvent ou non avoir survécu; respecter la préférence de la personne concernée entre les termes « victimes » ou « survivantes » dans la mesure du possible.	
homoit0001458	Personnes trans victimes d'abus sexuels	Personnes trans victimes de violences sexuelles||Personnes trans victimes d'agressions sexuelles	Personnes trans ayant vécu de l'abus sexuel et qui peuvent ou non y avoir survécu; respecter la préférence de la personne concernée entre les termes « victimes » ou « survivantes » dans la mesure du possible.	
homoit0001459	Personnes trans victimes de guerre		Personnes trans ayant vécu la guerre et qui peuvent ou non avoir survécu; respecter la préférence de la personne concernée entre les termes « victimes » ou « survivantes » dans la mesure du possible.	
homoit0001997	Personnes bispirituelles victimes d'intimidation		Personnes bispirituelles qui ont subi et survécu à de l'intimidation en raison de leur identité bispirituelle; respecter la préférence de la personne concernée entre les termes « victimes » ou « survivantes » dans la mesure du possible.	
